key,zh_CN,en
"MENU_SUBTITLE","Can Cards Free BJNo.2? - 测试版","Can Cards Free BJNo.2? - Beta"
"MENU_START","开始游戏","Start Game"
"MENU_QUIT","退出","Quit"
"MENU_SETTINGS","设置","Settings"
"MENU_LANGUAGE","语言","Language"
"MENU_LOAD_SAVE","加载存档","Load Save"

"SAVE_START_TITLE","选择存档","Choose Your File"
"SAVE_START_SUBTITLE","选择一个空存档开始新游戏","Choose an empty slot to start a new game"
"SAVE_LOAD_TITLE","加载存档","Load Save"
"SAVE_LOAD_SUBTITLE","选择已有存档进入游戏，或删除不需要的存档","Choose an existing save to enter the game, or delete a save you no longer need"
"SAVE_EMPTY_SLOT","存档 %d：空","File %d: Empty"
"SAVE_SLOT_SUMMARY","存档 %d：当前 %s｜角色 %d｜%s","File %d: Current %s | Characters %d | %s"
"SAVE_NEW","新建","New"
"SAVE_LOAD","加载","Load"
"SAVE_DELETE","删除","Delete"
"SAVE_USED","已有存档","Used"
"SAVE_DELETE_TITLE","删除存档","Delete Save File"
"SAVE_DELETE_CONFIRM","确定删除存档 %d 吗？","Delete save file %d?"

"LANGUAGE_ZH_CN","中文","Chinese"
"LANGUAGE_EN","English","English"

"SETTINGS_TITLE","设置","Settings"

"MAP_BACK","返回","Back"
"MAP_1_NAME","一层","First Floor"
"MAP_NO_MAPS","没有可用的地图","No maps are available"

"LEVEL_1_NAME","F1 - 谈话室","F1 - Conversation Room"
"LEVEL_1_DESCRIPTION","旅途的起点","The beginning of our journey"
"LEVEL_2_NAME","F1 - 高三一班","F1 - S3C1"
"LEVEL_2_DESCRIPTION","里面看起来有一只...包子？","Is that...a bun?"
"LEVEL_3_NAME","F1 - 高三二班","F1 - S3C2"
"LEVEL_3_DESCRIPTION","高三二班——二是两只一起来的意思吗？","S3C2——Does the 2 mean 2 monsters?"
"LEVEL_4_NAME","F1 - 高三三班","F1 - S3C3"
"LEVEL_4_DESCRIPTION","好大的怪物...还好天才兔加入了我们","That one is HUGE...At least we have Dr. Rabbert now"


"PREP_LEVEL_FORMAT","第 %s 关","Level %s"
"PREP_WAVE_COUNT","波数：%d","Waves: %d"
"PREP_EMPTY_SLOT","选择角色","Choose Character"
"PREP_START_LEVEL","进入关卡","Start Level"
"LEARNING_GOAL_TITLE","学习目标","Learning Goal"
"LEARNING_GOAL_NONE","未选择","None Selected"
"LEARNING_GOAL_OPTIONAL","可选，不影响进入关卡","Optional; not required to start"
"LEARNING_GOAL_DRAWER_TITLE","选择学习目标","Choose Learning Goal"
"LEARNING_GOAL_CLEAR","不选择学习目标","Use No Learning Goal"
"LEARNING_GOAL_PINYIN","拼音目标","Pinyin Goal"
"LEARNING_GOAL_PINYIN_DESCRIPTION","全队最大生命值和攻击力提升 20%","Increase the team's maximum HP and attack power by 20%"
"LEARNING_GOAL_PINYIN_SUMMARY","生命与伤害 +20%","HP and damage +20%"
"LEARNING_GOAL_VOCABULARY","词汇目标","Vocabulary Goal"
"LEARNING_GOAL_VOCABULARY_DESCRIPTION","答错时有25%概率仍获得难度对应的额外AP","25% chance to gain difficulty AP even after a wrong answer"
"LEARNING_GOAL_VOCABULARY_SUMMARY","错题补偿概率 +25%","Wrong-answer compensation +25%"
"LEARNING_GOAL_CULTURE","文化目标","Culture Goal"
"LEARNING_GOAL_CULTURE_DESCRIPTION","每次 AP 增长额外增加 0.25","Every AP gain receives an additional +0.25"
"LEARNING_GOAL_CULTURE_SUMMARY","AP 增长 +0.25","AP gain +0.25"

"DEV_TITLE","开发者工具","Developer Tools"
"DEV_ADD_CULTURE_MASK","添加一只文化面具","Add Culture Mask"
"DEV_ADD_GENERAL_CARD","添加孔子药水","Add Potion of Confucius"
"DEV_ADD_SIX_SEVEN","添加 Six Seven","Add Six Seven"
"DEV_CLEAR_ENEMIES","清空敌方","Clear Enemies"
"DEV_DEFEAT_PLAYERS","全员阵亡","Defeat Team"
"DEV_SKIP_TURN","跳过本回合","Skip Turn"
"DEV_LOG_ADDED_MASK","开发者：添加了一只文化面具。","Developer: added a Culture Mask."
"DEV_LOG_ADDED_CARD","开发者：添加了一张孔子药水。","Developer: added a Potion of Confucius card."
"DEV_LOG_ADDED_SIX_SEVEN","彩蛋：获得了一张 Six Seven。","Secret: received a Six Seven card."
"DEV_LOG_ENEMY_LIMIT","开发者：场上最多允许 8 只存活怪物。","Developer: no more than 8 living enemies are allowed."
"DEV_LOG_CLEARED_ENEMIES","开发者：清空了当前敌方单位。","Developer: cleared current enemies."
"DEV_LOG_DEFEATED_PLAYERS","开发者：我方全员阵亡。","Developer: defeated the team."
"DEV_LOG_SKIPPED_TURN","开发者：跳过了当前玩家回合。","Developer: skipped the current player turn."

"UI_SHOP","商店","Shop"
"UI_LOG","日志","Log"
"UI_SHOP_LOCKED","商店（锁定）","Shop (Locked)"
"GENERAL_CARDS_LOCKED_HINT","通关第五关后解锁通用卡和商店。","Clear level 5 to unlock general cards and the shop."
"PREP_TUTORIAL_GOAL_REQUIRED","教程关需要选择一个学习目标后才能进入。","Choose a Learning Goal before entering the tutorial level."
"TUTORIAL_SPEAKER_FORMAT","%s：%s","%s: %s"
"TUTORIAL_OPEN_LOG_HINT","βudding 想和你说什么，\n请点击右下角日志！","βudding has something to tell you.\nClick the log in the bottom right!"
"TUTORIAL_MAP_ROOM","你好呀，我是 βudding！让我们先进入谈话室吧！","Hi there! I'm βudding. Let's head into the Conversation Room first!"
"TUTORIAL_PREP_PARTY","先点击我的角色按钮，把我加入出战队伍。接着我们一起选一个学习目标！","Click my character button to add me to the party. Then let's choose a Learning Goal!"
"TUTORIAL_PREP_GOAL","点击准备页面右侧的“学习目标”，再选择我就好啦！","Click Learning Goal on the right side of the preparation screen, then choose me!"
"TUTORIAL_PREP_ENTER","准备好了！点击“进入关卡”开始吧！","We're ready! Click Enter Level to get started!"
"TUTORIAL_BATTLE_ATTACK","先试试攻击吧！把我的攻击卡【文化纸牌】拖到敌人的本体身上就可以攻击了！","Let's try an attack! Drag my Culture Card onto the enemy's body to attack!"
"TUTORIAL_BATTLE_DIFFICULTY","对于左边的卡牌，我在使用时需要你来答题，这样我们就可以获取AP（Accumulated Power）了！","When I use the card on the left, I need you to answer a question. That's how we gain AP—Accumulated Power!"
"TUTORIAL_BATTLE_QUESTION","选择答案之后，如果答对我们就可以获取额外的AP，不过也不用担心，答错也是可以获取到一些的！","Choose an answer! If you get it right, we'll earn extra AP. Don't worry, though—we still get some if you get it wrong!"
"TUTORIAL_BATTLE_RESULT","接下来该按卡牌的效果结算了！","Now let's resolve the card's effect!"
"TUTORIAL_BATTLE_DEFENSE","中间的卡牌是防御卡，我们可以给自己使用！","The middle card is a defense card. We can use it on ourselves!"
"TUTORIAL_BATTLE_ENEMY_TURN","当我们行动之后，接下来就该敌人行动了！","We've taken our actions. Now it's the enemies' turn!"
"TUTORIAL_BATTLE_NEXT_TURN","新回合开始了，我又可以行动啦，继续攻击吧！","A new turn has started, so I can act again! Let's keep attacking!"
"TUTORIAL_BATTLE_SKILL","AP达到5了，现在就可以使用技能卡了！技能卡非常强力，一定要好好使用！","We've reached 5 AP, so we can use a skill card now! Skills are powerful—make them count!"
"TUTORIAL_BATTLE_VICTORY","太好了！我们赢啦！","We did it! We won!"
"UI_CANCEL","取消","Cancel"
"UI_CONTINUE","继续","Continue"
"UI_RETRY","重新挑战","Retry"
"UI_MAIN_MENU","回主菜单","Main Menu"
"UI_CLOSE","关闭","Close"
"UI_BUY","购买","Buy"
"UI_SELL","出售","Sell"
"UI_REFRESH","刷新 -0.5","Refresh -0.5"
"UI_SHOP_HINT","购买后加入队伍通用卡牌。","Purchased cards are added to the team's shared cards."
"UI_PRICE_FORMAT","%.1f TOEFL","%.1f TOEFL"
"UI_BALANCE_FORMAT","TOEFL %s","TOEFL %s"

"LOG_CARD_SOLD","出售了 %s，获得 %.2f New TOEFL。","Sold %s for %.2f New TOEFL."
"LOG_REFRESH_NO_FUNDS","New TOEFL 不足，无法刷新商店。","Not enough New TOEFL to refresh the shop."
"LOG_SHOP_REFRESHED","花费 0.5 New TOEFL 刷新商店。","Spent 0.5 New TOEFL to refresh the shop."
"LOG_BUY_INVALID_CHARACTER","无法给无法行动的角色购买卡牌。","Cards cannot be purchased for a character who cannot act."
"LOG_BUY_NO_FUNDS","New TOEFL 不足，无法购买 %s。","Not enough New TOEFL to purchase %s."
"LOG_CARD_PURCHASED","购买 %s，花费 %.1f New TOEFL","Purchased %s for %.1f New TOEFL."
"LOG_TEAM_GAIN_AP","获得 %.2f AP。","Gained %.2f AP."
"LOG_DEFENSE_GRANTED","%s 受到的伤害降低 %.0f%%（本回合）。","%s takes %.0f%% less damage this turn."
"LOG_AP_CLEARED","队伍 AP 清零。","Team AP was reset."
"LOG_ATTACK_DAMAGE","%s 攻击 %s，造成 %d 伤害。","%s attacked %s for %d damage."
"LOG_MAX_HP_HEAL","%s 回复 %d 点生命。","%s recovered %d HP."
"LOG_ENEMY_STUNNED","%s 处于眩晕状态，跳过本次行动。","%s is stunned and skips this action."
"LOG_DAMAGE_IMMUNED","%s 的伤害免疫生效，完全抵挡了 %s 的攻击。","%s's damage immunity completely blocked %s's attack."
"LOG_DIRECT_HP_LOSS","%s 失去 %d 点生命。","%s lost %d HP."
"LOG_ENEMY_TURN_START","敌方回合开始。","Enemy turn started."
"UI_ENEMY_TURN_START","敌方回合开始","Enemy turn begins"
"PHASE_ANSWER_RESULT","答题结果","Answer result"
"PHASE_ACTION_RESOLUTION","行动结算","Resolving action"
"LOG_ENEMY_ATTACK","%s 攻击 %s，造成 %d 伤害。","%s attacked %s for %d damage."
"LOG_ENEMY_GROUP_ATTACK","%s 攻击 %s，造成 %d 伤害。","%s attacked %s for %d damage."
"LOG_ENEMY_SHIELD_ALL","敌方全体获得 %d 点护盾。","All living enemies gained %d shield."
"LOG_NEXT_PLAYER_TURN","我方回合 %d。","Player turn %d."
"LOG_NIAN_CHARGE_START","%s 开始蓄力，目标：%s。","%s began charging against %s."
"LOG_NIAN_CHARGING","%s 蓄力中，剩余 %d 回合。","%s is charging: %d turns left."
"LOG_NIAN_CHARGE_RELEASE","%s 攻击 %s，造成 %d 伤害。","%s attacked %s for %d damage."
"LOG_NIAN_CHARGE_TARGET_LOST","%s 的蓄力已取消。","%s's charge was canceled."
"LOG_BATTLE_START","战斗开始","Battle started"
"LOG_WAVE_START","第 %d/%d 波开始。","Wave %d/%d started."
"LOG_PLAYER_TURN_START","我方回合 %d。","Player turn %d."
"LOG_CANNOT_USE_CARD","现在不能使用卡牌。","Cards cannot be used right now."
"LOG_CHARACTER_UNAVAILABLE","%s 已无法行动。","%s can no longer act."
"LOG_CHARACTER_ACTED","%s 本回合已经行动过。","%s has already acted this turn."
"LOG_CARD_AP_REQUIRED","AP 不足，需要 %.1f AP。","Not enough AP; %.1f AP required."
"LOG_NO_ENEMY_TARGET","没有可攻击的敌人。","There are no enemies to attack."
"LOG_SELECT_ALLY_TARGET","请选择一名我方角色作为防御目标。","Choose an allied character as the defense target."
"LOG_ENEMY_REWARD","击败 %s，获得 %.1f New TOEFL。","Defeated %s and gained %.1f New TOEFL."
"LOG_ENEMY_CARD_DROP","击败 %s，随机获得通用卡牌：%s。","Defeated %s and received a random general card: %s."

"PHASE_READY","准备","Ready"
"PHASE_PLAYER","玩家回合","Player Turn"
"PHASE_DIFFICULTY","选择难度","Choose Difficulty"
"PHASE_QUESTION","答题中","Answering"
"PHASE_ENEMY","敌方回合","Enemy Turn"
"PHASE_VICTORY","胜利","Victory"
"PHASE_DEFEAT","失败","Defeat"

"ROUND_FORMAT","第 %d 回合","Round %d"
"WAVE_FORMAT","波次 %d/%d","Wave %d/%d"
"DIFFICULTY_EASY","简单","Easy"
"DIFFICULTY_MEDIUM","中等","Medium"
"DIFFICULTY_HARD","困难","Hard"
"QUESTION_SELECT_DIFFICULTY","选择题目难度","Choose Question Difficulty"
"ATTRIBUTE_PINYIN","拼音","Pinyin"
"ATTRIBUTE_VOCABULARY","词汇","Vocabulary"
"ATTRIBUTE_CULTURE","文化","Culture"
"QUESTION_HEADER_FORMAT","[%s]\n%s","[%s]\n%s"
"COMMON_CANCEL","取消","Cancel"
"CARD_SKILL_COST","消耗 AP %.0f","%.0f AP"
"CARD_SKILL_BASE_EFFECT","伤害不受答题影响","Damage independent of answers"
"CARD_GENERAL_TEAM_GAIN","全队获得","Team"
"CARD_AP_FORMAT","+%.1f AP","+%.1f AP"
"CARD_ATTACK_DAMAGE","造成 %d 伤害","%d damage"
"CARD_ANSWER_ENHANCE","答题获取AP","Answer for AP"
"CARD_DEFENSE_REDUCTION","获得 %.0f%% 减伤","%.0f%% guard"

"CHARACTER_BUDDING","βudding","βudding"
"CHARACTER_RABBIT","天才兔","Rabbert Einstein"
"CHARACTER_LAWILIM","Lawilim","Lawilim"

"CHARACTER_BUDDING_DESCRIPTION","βudding\n与文化相关的吉祥物\n她的卡牌虽然没有什么特殊效果，但或许大道至简才是真","βudding\nThe culture mascot\nHer cards don't have special effects, but maybe simplicity is the ultimate truth"
"CHARACTER_RABBIT_DESCRIPTION","天才兔\n与拼音相关的吉祥物\n作为【天才】兔，她的卡牌均与AP相关，如她的攻击卡，在AP较低时对4个敌人造成同样的伤害，而在较高时对敌人造成连锁攻击","Rabbert Einstein\nThe pinyin mascot\nAs a true genius, her cards are all related to AP. For example, her attack card deals the same damage to 4 enemies at low AP, and performs a chain attack at high AP."
"CHARACTER_LAWILIM_DESCRIPTION","Lawilim\n属性：词汇","Lawilim\nType: Vocabulary"

"ENEMY_PINYIN_BUN","拼音包子","Pinyin Bun"
"ENEMY_VOCAB_BUN","词汇包子","Vocabulary Bun"
"ENEMY_CULTURE_BUN","文化包子","Culture Bun"
"ENEMY_PINYIN_SLIME","拼音史莱姆","Pinyin Slime"
"ENEMY_VOCAB_SLIME","词汇史莱姆","Vocabulary Slime"
"ENEMY_CULTURE_SLIME","文化史莱姆","Culture Slime"
"ENEMY_PINYIN_MASK","拼音面具","Pinyin Mask"
"ENEMY_VOCAB_MASK","词汇面具","Vocabulary Mask"
"ENEMY_CULTURE_MASK","文化面具","Culture Mask"
"ENEMY_NIAN_BEAST","年兽","Nian Beast"

"ENEMY_PINYIN_BUN_DESCRIPTION","生命：80\n对我方全体造成14点伤害。","HP: 80\nDeal 14 damage to the entire player team."
"ENEMY_VOCAB_BUN_DESCRIPTION","生命：80\n对我方全体造成14点伤害。","HP: 80\nDeal 14 damage to the entire player team."
"ENEMY_CULTURE_BUN_DESCRIPTION","生命：80\n对我方全体造成14点伤害。","HP: 80\nDeal 14 damage to the entire player team."
"ENEMY_PINYIN_SLIME_DESCRIPTION","生命：100\n①为全体怪物提供10点护盾。\n②对随机一名我方角色造成15点伤害。","HP: 100\n① Grant all monsters 10 shield.\n② Deal 15 damage to one random player character."
"ENEMY_VOCAB_SLIME_DESCRIPTION","生命：100\n①为全体怪物提供10点护盾。\n②对随机一名我方角色造成15点伤害。","HP: 100\n① Grant all monsters 10 shield.\n② Deal 15 damage to one random player character."
"ENEMY_CULTURE_SLIME_DESCRIPTION","生命：100\n①为全体怪物提供10点护盾。\n②对随机一名我方角色造成15点伤害。","HP: 100\n① Grant all monsters 10 shield.\n② Deal 15 damage to one random player character."
"ENEMY_PINYIN_MASK_DESCRIPTION","生命：60\n对随机一名我方角色造成25点伤害。","HP: 60\nDeal 25 damage to one random player character."
"ENEMY_VOCAB_MASK_DESCRIPTION","生命：60\n对随机一名我方角色造成25点伤害。","HP: 60\nDeal 25 damage to one random player character."
"ENEMY_CULTURE_MASK_DESCRIPTION","生命：60\n对随机一名我方角色造成25点伤害。","HP: 60\nDeal 25 damage to one random player character."
"ENEMY_NIAN_BEAST_DESCRIPTION","年兽\n生命：300\n①对随机一名我方角色造成30点单体基础伤害，并降低其伤害30%，持续2回合。\n②锁定随机一名我方角色，蓄力2回合后造成100点伤害。","Nian Beast\nHP: 300\n① Deal 30 base damage to one random player character and reduce their damage dealt by 30% for 2 turns.\n② Lock onto one random player character, charge for 2 turns, then deal 100 damage."


"ENEMY_ABILITY_NIAN_WEAKENING_STRIKE","年兽震吼","Nian Roar"
"ENEMY_ABILITY_NIAN_CHARGE_ATTACK","年兽蓄势","Nian's Charge"

"CARD_BUDDING_ATTACK","文化纸牌","Culture Card"
"CARD_BUDDING_ATTACK_DESC","造成30点伤害","Deal 30 damage"
"CARD_BUDDING_DEFENSE","社团守护","Club Guard"
"CARD_BUDDING_DEFENSE_DESC","提供60%减伤，2回合","Grant 60% damage reduction for 2 turns"
"CARD_BUDDING_SKILL","清明春风","Qingming Breeze"
"CARD_BUDDING_SKILL_DESC","造成3×50点伤害","Deal 3 × 50 damage"
"CARD_RABBIT_ATTACK","拼音连击","Pinyin Combo"
"CARD_RABBIT_ATTACK_DESC","根据AP进行连锁攻击","Perform a chain attack based on AP"
"CARD_RABBIT_DEFENSE","声调反击","Tone Counter"
"CARD_RABBIT_DEFENSE_DESC","反击，1回合；受伤额外获得0.5AP","Retaliate for 1 turn; gain an extra 0.5 AP when hurt"
"CARD_RABBIT_SKILL","四声爆发","Four-Tone Burst"
"CARD_RABBIT_SKILL_DESC","进行强化连锁攻击，并且每次攻击附加随机效果","Perform an enhanced chain attack, applying a random effect with each hit"
"CARD_LAWILIM_ATTACK","词汇冲击","Vocab Impact"
"CARD_LAWILIM_ATTACK_DESC","对选中目标造成 43 点基础伤害。","Deal 43 base damage to the selected target."
"CARD_LAWILIM_DEFENSE","成语屏障","Chengyu Barrier"
"CARD_LAWILIM_DEFENSE_DESC","对选中目标施加 35% 减伤。","Apply 35% damage reduction to the selected target."
"CARD_LAWILIM_SKILL","词海回响","Word-Sea Echo"
"CARD_LAWILIM_SKILL_DESC","对全体怪物造成 42 点基础伤害。","Deal 42 base damage to all monsters."
"CARD_POTION_OF_CONFUCIUS","孔子药水","Potion of Confucius"
"CARD_POTION_OF_CONFUCIUS_DESC","立刻获得2.5AP","Immediately gain 2.5 AP"
"CARD_DAGGER_OF_JINGKE","荆轲匕首","Dagger of Jing Ke"
"CARD_DAGGER_OF_JINGKE_DESC","造成目标当前生命值30%的伤害","Deal damage equal to 30% of the target's current HP"
"CARD_CURRENT_HP_DAMAGE","当前生命 %d%%\n作为基础伤害","%d%% current HP\nas base damage"
"CARD_IMPENETRABLE_SHIELD","不可破之盾","Impenetrable Shield"
"CARD_IMPENETRABLE_SHIELD_DESC","完全免疫一次伤害","Completely negate one instance of damage"
"CARD_MENGHAN_TOXIN","蒙汗药","Menghan Toxin"
"CARD_MENGHAN_TOXIN_DESC","使敌人眩晕1回合","Stun an enemy for 1 turn"
"CARD_ELIXIR_OF_HUATUO","华佗仙药","Elixir of Hua Tuo"
"CARD_ELIXIR_OF_HUATUO_DESC","回复最大生命值的40%","Restore 40% of maximum HP"
"CARD_GALL_OF_GOUJIAN","卧薪尝胆","Gall of Goujian"
"CARD_GALL_OF_GOUJIAN_DESC","本回合伤害-50%，随后2回合伤害+30%","Deal 50% less damage this turn, then 30% more damage for 2 turns"
"CARD_INSIGHT_OF_PAODING","庖丁之悟","Insight of Paoding"
"CARD_INSIGHT_OF_PAODING_DESC","敌人受到伤害增加30%，2回合","An enemy takes 30% more damage for 2 turns"
"CARD_SMASHED_CAULDRON","破釜沉舟","Smashed Cauldron"
"CARD_SMASHED_CAULDRON_DESC","指定的角色受到伤害翻倍，但造成伤害+30%，2回合","The selected character takes double damage but deals 30% more damage for 2 turns"
"CARD_SIX_SEVEN","六七","Six Seven"
"CARD_SIX_SEVEN_DESC","676767676767","676767676767"

"EFFECT_DAMAGE_IMMUNITY","伤害免疫","Damage Immunity"
"EFFECT_DAMAGE_IMMUNITY_DESC","免疫一次受伤，触发后消失","Negate one instance of damage; consumed when triggered"
"EFFECT_STUN","眩晕","Stun"
"EFFECT_STUN_DESC","暂时无法行动","Temporarily unable to act"
"EFFECT_WEAKNESS","虚弱","Weakness"
"EFFECT_WEAKNESS_DESC","造成伤害降低%d%%","Deal %d%% less damage"
"EFFECT_STRENGTH","力量","Strength"
"EFFECT_STRENGTH_DESC","造成伤害提高%d%%","Deal %d%% more damage"
"EFFECT_TARGET_LOCK","瞄准","Target Lock"
"EFFECT_TARGET_LOCK_VALUE","瞄准","Aim"
"EFFECT_TARGET_LOCK_DESC","正在瞄准%s","Aiming at %s"
"EFFECT_VULNERABLE","易伤","Vulnerable"
"EFFECT_VULNERABLE_DESC","受伤提高%d%%","Take %d%% more damage"
"EFFECT_SOURCE_UNKNOWN","未知","Unknown"
"EFFECT_TOOLTIP_FORMAT","%s：%s","%s: %s"

"RESULT_CORRECT","回答正确","Correct"
"RESULT_WRONG","回答错误","Incorrect"
"RESULT_VOCABULARY_GOAL_TRIGGER","，获得错题补偿AP",", compensated difficulty AP gained"
"RESULT_VICTORY_TITLE","胜利","Victory"
"RESULT_VICTORY_MESSAGE","大胜而归！+%d Old TOEFL！","A glorious victory! +%d Old TOEFL!"
"RESULT_DEFEAT_TITLE","失败","Defeat"
"RESULT_DEFEAT_MESSAGE","哦不，要不再试试呢？","Oh no! Shall we try again?"

"Q_PY_EASY_1_PROMPT","“你好”的拼音是哪一个？","Which pinyin matches “你好”?"
"Q_PY_EASY_1_O0","ni hao","ni hao"
"Q_PY_EASY_1_O1","wo ai","wo ai"
"Q_PY_EASY_1_O2","xie xie","xie xie"
"Q_PY_EASY_1_O3","zai jian","zai jian"
"Q_PY_EASY_1_EXPLANATION","你好 = ni hao。","你好 = ni hao."
"Q_PY_EASY_2_PROMPT","“谢谢”的拼音是哪一个？","Which pinyin matches “谢谢”?"
"Q_PY_EASY_2_O0","qing wen","qing wen"
"Q_PY_EASY_2_O1","xie xie","xie xie"
"Q_PY_EASY_2_O2","lao shi","lao shi"
"Q_PY_EASY_2_O3","peng you","peng you"
"Q_PY_EASY_2_EXPLANATION","谢谢 = xie xie。","谢谢 = xie xie."
"Q_PY_MEDIUM_1_PROMPT","“老师”的正确拼音是？","What is the correct pinyin for “老师”?"
"Q_PY_MEDIUM_1_O0","lao shi","lao shi"
"Q_PY_MEDIUM_1_O1","luo si","luo si"
"Q_PY_MEDIUM_1_O2","la shi","la shi"
"Q_PY_MEDIUM_1_O3","liang shi","liang shi"
"Q_PY_MEDIUM_1_EXPLANATION","老师 = lao shi。","老师 = lao shi."
"Q_PY_MEDIUM_2_PROMPT","“中国”的正确拼音是？","What is the correct pinyin for “中国”?"
"Q_PY_MEDIUM_2_O0","zhong guo","zhong guo"
"Q_PY_MEDIUM_2_O1","zhong gua","zhong gua"
"Q_PY_MEDIUM_2_O2","zong guo","zong guo"
"Q_PY_MEDIUM_2_O3","cheng guo","cheng guo"
"Q_PY_MEDIUM_2_EXPLANATION","中国 = zhong guo。","中国 = zhong guo."
"Q_PY_HARD_1_PROMPT","“北京二中”的拼音更接近哪一个？","Which pinyin is closest to “北京二中”?"
"Q_PY_HARD_1_O0","bei jing er zhong","bei jing er zhong"
"Q_PY_HARD_1_O1","bai jing yi zhong","bai jing yi zhong"
"Q_PY_HARD_1_O2","bei jin er zong","bei jin er zong"
"Q_PY_HARD_1_O3","bei qing er zhong","bei qing er zhong"
"Q_PY_HARD_1_EXPLANATION","北京二中 = bei jing er zhong。","北京二中 = bei jing er zhong."
"Q_PY_HARD_2_PROMPT","“中文社”的拼音是？","What is the pinyin for “中文社”?"
"Q_PY_HARD_2_O0","zhong wen she","zhong wen she"
"Q_PY_HARD_2_O1","zhong wen se","zhong wen se"
"Q_PY_HARD_2_O2","zong wen she","zong wen she"
"Q_PY_HARD_2_O3","cheng wen she","cheng wen she"
"Q_PY_HARD_2_EXPLANATION","中文社 = zhong wen she。","中文社 = zhong wen she."
"Q_VOC_EASY_1_PROMPT","“水”是什么意思？","What does “水” mean?"
"Q_VOC_EASY_1_O0","water","water"
"Q_VOC_EASY_1_O1","fire","fire"
"Q_VOC_EASY_1_O2","school","school"
"Q_VOC_EASY_1_O3","card","card"
"Q_VOC_EASY_1_EXPLANATION","水 = water。","水 = water."
"Q_VOC_EASY_2_PROMPT","“朋友”是什么意思？","What does “朋友” mean?"
"Q_VOC_EASY_2_O0","teacher","teacher"
"Q_VOC_EASY_2_O1","friend","friend"
"Q_VOC_EASY_2_O2","monster","monster"
"Q_VOC_EASY_2_O3","answer","answer"
"Q_VOC_EASY_2_EXPLANATION","朋友 = friend。","朋友 = friend."
"Q_VOC_MEDIUM_1_PROMPT","“教室”是什么意思？","What does “教室” mean?"
"Q_VOC_MEDIUM_1_O0","classroom","classroom"
"Q_VOC_MEDIUM_1_O1","library","library"
"Q_VOC_MEDIUM_1_O2","office","office"
"Q_VOC_MEDIUM_1_O3","gym","gym"
"Q_VOC_MEDIUM_1_EXPLANATION","教室 = classroom。","教室 = classroom."
"Q_VOC_MEDIUM_2_PROMPT","“迟到”是什么意思？","What does “迟到” mean?"
"Q_VOC_MEDIUM_2_O0","to arrive late","to arrive late"
"Q_VOC_MEDIUM_2_O1","to study","to study"
"Q_VOC_MEDIUM_2_O2","to win","to win"
"Q_VOC_MEDIUM_2_O3","to ask","to ask"
"Q_VOC_MEDIUM_2_EXPLANATION","迟到 = to arrive late。","迟到 = to arrive late."
"Q_VOC_HARD_1_PROMPT","“吉祥物”是什么意思？","What does “吉祥物” mean?"
"Q_VOC_HARD_1_O0","mascot","mascot"
"Q_VOC_HARD_1_O1","homework","homework"
"Q_VOC_HARD_1_O2","culture","culture"
"Q_VOC_HARD_1_O3","question","question"
"Q_VOC_HARD_1_EXPLANATION","吉祥物 = mascot。","吉祥物 = mascot."
"Q_VOC_HARD_2_PROMPT","“减伤”在游戏里更接近？","What does “减伤” mean in a game?"
"Q_VOC_HARD_2_O0","damage reduction","damage reduction"
"Q_VOC_HARD_2_O1","extra gold","extra gold"
"Q_VOC_HARD_2_O2","new level","new level"
"Q_VOC_HARD_2_O3","random card","random card"
"Q_VOC_HARD_2_EXPLANATION","减伤 = damage reduction。","减伤 = damage reduction."
"Q_CUL_EASY_1_PROMPT","春节通常和哪种颜色关系最密切？","Which color is most closely associated with the Spring Festival?"
"Q_CUL_EASY_1_O0","红色","Red"
"Q_CUL_EASY_1_O1","蓝色","Blue"
"Q_CUL_EASY_1_O2","黑色","Black"
"Q_CUL_EASY_1_O3","紫色","Purple"
"Q_CUL_EASY_1_EXPLANATION","春节常用红色表达喜庆。","Red commonly represents celebration during the Spring Festival."
"Q_CUL_EASY_2_PROMPT","中秋节常吃什么？","What food is commonly eaten during the Mid-Autumn Festival?"
"Q_CUL_EASY_2_O0","月饼","Mooncakes"
"Q_CUL_EASY_2_O1","饺子","Dumplings"
"Q_CUL_EASY_2_O2","粽子","Zongzi"
"Q_CUL_EASY_2_O3","面条","Noodles"
"Q_CUL_EASY_2_EXPLANATION","中秋节常吃月饼。","Mooncakes are commonly eaten during the Mid-Autumn Festival."
"Q_CUL_MEDIUM_1_PROMPT","清明节常见活动是？","Which activity is common during the Qingming Festival?"
"Q_CUL_MEDIUM_1_O0","扫墓","Tomb sweeping"
"Q_CUL_MEDIUM_1_O1","贴春联","Putting up spring couplets"
"Q_CUL_MEDIUM_1_O2","吃月饼","Eating mooncakes"
"Q_CUL_MEDIUM_1_O3","赛龙舟","Dragon boat racing"
"Q_CUL_MEDIUM_1_EXPLANATION","清明节常见活动包括扫墓。","Tomb sweeping is a common Qingming Festival activity."
"Q_CUL_MEDIUM_2_PROMPT","端午节常见食物是？","Which food is common during the Dragon Boat Festival?"
"Q_CUL_MEDIUM_2_O0","粽子","Zongzi"
"Q_CUL_MEDIUM_2_O1","月饼","Mooncakes"
"Q_CUL_MEDIUM_2_O2","汤圆","Tangyuan"
"Q_CUL_MEDIUM_2_O3","蛋糕","Cake"
"Q_CUL_MEDIUM_2_EXPLANATION","端午节常吃粽子。","Zongzi is commonly eaten during the Dragon Boat Festival."
"Q_CUL_HARD_1_PROMPT","“中文社”最可能推广的是？","What would a Chinese club most likely promote?"
"Q_CUL_HARD_1_O0","中文学习和中国文化","Chinese learning and Chinese culture"
"Q_CUL_HARD_1_O1","化学实验","Chemistry experiments"
"Q_CUL_HARD_1_O2","足球训练","Football training"
"Q_CUL_HARD_1_O3","机器人维修","Robot maintenance"
"Q_CUL_HARD_1_EXPLANATION","中文社围绕中文学习和文化交流。","A Chinese club focuses on Chinese learning and cultural exchange."
"Q_CUL_HARD_2_PROMPT","春节贴春联通常表达什么？","What do Spring Festival couplets usually express?"
"Q_CUL_HARD_2_O0","祝福和新年愿望","Blessings and New Year wishes"
"Q_CUL_HARD_2_O1","考试答案","Exam answers"
"Q_CUL_HARD_2_O2","地图路线","Map routes"
"Q_CUL_HARD_2_O3","购物清单","Shopping lists"
"Q_CUL_HARD_2_EXPLANATION","春联常表达祝福与新年愿望。","Spring couplets commonly express blessings and New Year wishes."
"LOADING_STATUS","正在加载…","Loading…"
"LOADING_COMPLETE","加载完成","Loading complete"
"LOADING_FAILED","加载失败，请重试或返回地图","Loading failed. Retry or return to the map"
"LOADING_PERCENT_FORMAT","%d%%","%d%%"
"LOADING_RETRY","重试","Retry"
"LOADING_BACK","返回地图","Return to map"
"LOG_STATUS_UNCHANGED","%s的状态未改变","%s's status did not change"
"LOG_ATTACK_REDUCED","%s攻击降低%.0f%%，%d回合","%s's attack decreased by %.0f%% for %d turns"
"LOG_ATTACK_INCREASED","%s攻击提高%.0f%%，%d回合","%s's attack increased by %.0f%% for %d turns"
"LOG_INCOMING_DAMAGE_INCREASED","%s受伤提高%.0f%%，%d回合","%s takes %.0f%% more damage for %d turns"
"LOG_IMMUNITY_GAINED","%s获得%d次伤害免疫","%s gained %d damage immunity charges"
"LOG_STUN_APPLIED","%s陷入眩晕，%d回合","%s is stunned for %d turns"
"LOG_STATUS_APPLIED","%s获得%s，%d回合","%s gained %s for %d turns"
"LOG_STATUS_PERCENT","%s获得%s %.0f%%，%d回合","%s gained %s %.0f%% for %d turns"
"LOG_STATUS_DELAYED","%d回合后，%s","After %d turns: %s"
"LEVEL_5_NAME","F1 - Locker","F1 - Locker"
"LEVEL_5_DESCRIPTION","终于遇到了一位老师，可是他看起来有些...","We've finally met a teacher, but something seems a little..."
"ENEMY_DAVID","异·David","Anomaly·David"
"ENEMY_DAVID_DESCRIPTION","异·David\n生命：240\n①复制我方存活角色的一张攻击或防御卡并使用\n②随机使用一张通用卡","Anomaly·David\nHP: 240\n① Copy and use an attack or defense card from a living player character.\n② Use a random general card."
"STORY_CONTINUE","继续","Continue"
"STORY_RABBIT_JOIN","天才兔加入我们啦！接下来的旅途中可以和她一起战斗了！","Rabbert Einstein has joined us! She can fight alongside us for the rest of our journey!"
"STORY_DAVID_STALL","咳...谢谢你们！这是我目前收集到的一些卡，送给你们了！\n我会在这里开个摊位，以后这里会有新的卡牌的！","Ahem... Thank you! Here are some cards I've collected. They're yours!\nI'll set up a stall here. Come back for new cards!"
"STORY_DAVID_CARD_UNLOCKS","通用卡和局内商店已解锁！可以用Old TOEFL在我的摊位解锁卡牌","General cards and the battle shop are unlocked! Spend Old TOEFL at my stall to unlock cards"
"VENDOR_DAVID_TITLE","David的小摊","David's Little Stall"
"VENDOR_OLD_BALANCE","Old TOEFL：%.1f","Old TOEFL: %.1f"
"VENDOR_UNLOCK_DESCRIPTION","用 Old TOEFL 永久解锁通用卡\n解锁后，该卡才可能出现在战斗初始手牌、敌人掉落和局内商店中","Use Old TOEFL to permanently unlock general cards\nUnlocked cards can appear in starting battle hands, enemy drops, and the battle shop"
"VENDOR_UNLOCK_PRICE","解锁：%.1f Old TOEFL","Unlock: %.1f Old TOEFL"
"VENDOR_ALREADY_UNLOCKED","已解锁","Unlocked"
"VENDOR_UNLOCK_CARD","解锁","Unlock"
"VENDOR_CARD_UNLOCKED","已解锁 %s。","Unlocked %s."
"VENDOR_CHALLENGE","和David进行卡牌对战","Play a card battle with David"
"VENDOR_CLOSE","返回地图","Return to Map"
"UI_RETURN_MAP","返回地图","Return to Map"
"CARD_BUDDING_DEFENSE_SUMMARY","减伤60%，2回合","60% damage reduction, 2 turns"
"CARD_BUDDING_SKILL_SUMMARY","消耗5 AP\n单体3×50伤害","Cost: 5 AP\nOne enemy: 3 x 50"
"CARD_RABBIT_ATTACK_SUMMARY","AP<2.5：最多4目标×15\nAP≥2.5：4段连锁\n20→14→9→6","AP<2.5: up to 4 x 15\nAP≥2.5: 4 chained hits\n20 > 14 > 9 > 6"
"CARD_RABBIT_DEFENSE_SUMMARY","单体反弹实际伤害\n受伤额外+0.5 AP\n持续1回合","One ally: retaliate\nOn HP loss: +0.5 AP\nLasts 1 turn"
"CARD_RABBIT_SKILL_SUMMARY","消耗5 AP\n4段连锁，每次25\n每击随机附加减益","Cost: 5 AP\n4 chained hits x 25\nRandom debuff per hit"
"EFFECT_DAMAGE_REDUCTION","减伤","Damage Reduction"
"EFFECT_DAMAGE_REDUCTION_DESC","受伤降低%d%%","Take %d%% less damage"
"EFFECT_COUNTERATTACK","反击","Retaliation"
"EFFECT_COUNTERATTACK_DESC","反弹受到伤害的%d%%","Return %d%% of damage taken"
"EFFECT_HURT_AP","吃一堑长一智","Live and Learn"
"EFFECT_HURT_AP_DESC","每次受伤额外获得%.1fAP","Gain an extra %.1f AP each time you are hurt"
"EFFECT_ATTACK_AP","AP标记","AP Mark"
"EFFECT_ATTACK_AP_DESC","每次被攻击时，我方额外获得%.1fAP","Each attack against this unit grants us an extra %.1f AP"
"LOG_REFLECT_DAMAGE","%s反 %s，造成%d伤害","%s counters %s for %d damage"
"LOG_DAMAGE_REDUCTION_DURATION","%s受伤降低%.0f%%，%d回合","%s takes %.0f%% less damage for %d turns"
"LOG_COUNTERATTACK_GRANTED","%s获得%.0f%%反击，%d回合","%s gained %.0f%% retaliation for %d turns"
"LOG_HURT_AP_GRANTED","%s每次受伤额外获得%.1fAP，%d回合","%s gains an extra %.1f AP when hurt for %d turns"
"LOG_ATTACK_AP_MARKED","%s每次被攻击时，我方额外获得%.1fAP，%d回合","Attacking %s grants us an extra %.1f AP per hit for %d turns"
"NPC_DAVID","David","David"
"LOG_CURRENCY_CONVERTED","%.1fNew TOEFL兑换为%dOld TOEFL","%.1f New TOEFL converted into %d Old TOEFL"
"LOG_UNIT_SHIELD_GAIN","%s增加%d点护盾","%s gained %d shield"
"LOG_PLAYER_STUNNED","%s被眩晕","%s is stunned"
"LOG_UNIT_GAIN_AP","%s获得%.1fAP","%s gained %.1f AP"
